filename,width,height,class,xmin,ymin,xmax,ymax
0502.jpg,300,300,bee,61,37,157,276
0983.jpg,300,300,bee,112,112,159,195
0396.jpg,300,300,bee,82,84,154,160
0888.jpg,300,300,bee,50,46,162,191
0371.jpg,300,300,bee,142,124,174,178
01436.jpg,300,300,bee,2,1,300,258
01253.jpg,300,300,bee,41,69,202,201
0000.jpg,300,300,bee,127,117,215,272
0337.jpg,300,300,bee,48,7,288,288
0171.jpg,300,300,bee,2,53,188,299
0165.jpg,300,300,bee,89,70,178,179
0510.jpg,300,300,bee,13,15,292,300
0675.jpg,300,300,bee,13,4,273,300
0406.jpg,300,300,bee,38,4,293,299
01260.jpg,300,300,bee,37,3,297,286
01521.jpg,300,300,bee,10,2,278,299
0940.jpg,300,300,bee,12,29,300,296
01477.jpg,300,300,bee,8,4,300,284
01389.jpg,300,300,bee,90,121,223,188
01562.jpg,300,300,bee,121,42,279,287
01598.jpg,300,300,bee,116,89,227,283
0090.jpg,300,300,bee,116,120,178,218
0455.jpg,300,300,bee,23,25,273,300
0717.jpg,300,300,bee,157,46,250,197
0831.jpg,300,300,bee,22,4,298,300
01207.jpg,300,300,bee,38,4,293,298
01432.jpg,300,300,bee,13,25,270,300
01287.jpg,300,300,bee,27,27,292,295
01088.jpg,300,300,bee,55,61,218,263
01568.jpg,300,300,bee,83,21,295,300
01250.jpg,300,300,bee,20,5,290,292
0586.jpg,300,300,bee,125,109,169,196
0586.jpg,300,300,bee,172,167,204,210
0869.jpg,300,300,bee,102,12,300,290
01273.jpg,300,300,bee,52,4,297,297
01110.jpg,300,300,bee,30,6,297,300
0843.jpg,300,300,bee,22,7,295,299
01190.jpg,300,300,bee,3,22,277,262
01150.jpg,300,300,bee,3,12,297,299
0443.jpg,300,300,bee,72,89,184,234
01361.jpg,300,300,bee,27,2,273,300
0307.jpg,300,300,bee,36,57,186,173
0308.jpg,300,300,bee,119,111,205,243
01101.jpg,300,300,bee,2,1,297,245
0438.jpg,300,300,bee,37,10,297,287
0781.jpg,300,300,bee,2,6,297,294
0476.jpg,300,300,bee,93,69,204,229
0902.jpg,300,300,bee,72,45,210,245
01000.jpg,300,300,bee,147,69,293,216
0293.jpg,300,300,bee,61,126,147,251
0113.jpg,300,300,bee,32,58,252,300
0474.jpg,300,300,bee,145,153,234,281
0150.jpg,300,300,bee,32,9,295,300
0679.jpg,300,300,bee,80,69,197,289
01191.jpg,300,300,bee,68,26,206,248
01535.jpg,300,300,bee,9,56,135,215
01494.jpg,300,300,bee,22,23,290,300
01219.jpg,300,300,bee,8,2,298,275
01673.jpg,300,300,bee,5,4,293,300
01261.jpg,300,300,bee,5,5,287,268
0103.jpg,300,300,bee,31,44,205,256
0214.jpg,300,300,bee,43,56,216,232
0557.jpg,300,300,bee,10,7,207,300
01323.jpg,300,300,bee,12,2,300,300
0647.jpg,300,300,bee,2,3,300,294
01056.jpg,300,300,bee,84,109,189,279
01616.jpg,300,300,bee,14,75,191,287
01353.jpg,300,300,bee,18,1,292,295
01163.jpg,300,300,bee,3,36,235,289
01356.jpg,300,300,bee,87,35,205,242
01397.jpg,300,300,bee,64,69,159,249
01189.jpg,300,300,bee,124,92,183,190
0627.jpg,300,300,bee,83,11,196,207
0074.jpg,300,300,bee,88,8,192,130
01043.jpg,300,300,bee,72,13,262,231
01672.jpg,300,300,bee,67,94,232,227
01152.jpg,300,300,bee,65,59,252,267
01146.jpg,300,300,bee,144,55,262,215
0814.jpg,300,300,bee,7,19,248,300
0031.jpg,300,300,bee,118,101,194,192
01017.jpg,300,300,bee,59,33,265,229
0827.jpg,300,300,bee,3,2,300,290
0012.jpg,300,300,bee,126,97,200,252
01035.jpg,300,300,bee,122,1,295,245
01393.jpg,300,300,bee,43,2,295,300
01196.jpg,300,300,bee,13,21,287,300
0033.jpg,300,300,bee,10,3,282,292
01230.jpg,300,300,bee,35,77,205,256
0692.jpg,300,300,bee,89,100,211,242
01344.jpg,300,300,bee,63,43,297,300
0316.jpg,300,300,bee,7,10,293,300
01348.jpg,300,300,bee,22,3,285,300
0834.jpg,300,300,bee,12,4,292,298
0997.jpg,300,300,bee,39,17,249,300
0052.jpg,300,300,bee,123,93,225,204
01148.jpg,300,300,bee,2,5,295,290
0217.jpg,300,300,bee,53,1,298,298
0523.jpg,300,300,bee,84,71,226,202
0323.jpg,300,300,bee,13,5,290,277
0041.jpg,300,300,bee,38,17,276,282
0415.jpg,300,300,bee,93,39,231,220
0376.jpg,300,300,bee,28,14,288,283
01677.jpg,300,300,bee,15,18,290,293
0948.jpg,300,300,bee,65,56,175,159
01247.jpg,300,300,bee,12,10,288,300
0622.jpg,300,300,bee,51,60,204,170
01507.jpg,300,300,bee,70,60,184,240
0516.jpg,300,300,bee,63,62,159,185
0433.jpg,300,300,bee,22,3,275,278
0391.jpg,300,300,bee,93,79,166,167
01048.jpg,300,300,bee,126,128,222,234
0188.jpg,300,300,bee,33,25,297,283
01259.jpg,300,300,bee,43,11,291,262
0584.jpg,300,300,bee,79,96,174,199
01349.jpg,300,300,bee,42,27,268,300
0500.jpg,300,300,bee,3,23,202,297
01075.jpg,300,300,bee,26,38,218,269
0517.jpg,300,300,bee,8,3,295,291
0705.jpg,300,300,bee,3,1,300,280
01536.jpg,300,300,bee,40,10,252,300
0348.jpg,300,300,bee,145,45,230,138
01057.jpg,300,300,bee,82,21,297,292
0488.jpg,300,300,bee,142,86,217,187
01173.jpg,300,300,bee,22,5,230,283
01173.jpg,300,300,bee,240,1,298,79
01388.jpg,300,300,bee,57,20,297,287
01388.jpg,300,300,bee,2,233,155,299
01373.jpg,300,300,bee,105,124,172,171
0223.jpg,300,300,bee,90,49,208,162
01662.jpg,300,300,bee,5,4,292,298
01132.jpg,300,300,bee,92,145,175,294
01504.jpg,300,300,bee,102,125,149,197
0475.jpg,300,300,bee,90,121,208,255
01424.jpg,300,300,bee,30,51,300,300
01514.jpg,300,300,bee,20,3,288,294
0642.jpg,300,300,bee,104,16,300,280
01376.jpg,300,300,bee,91,31,262,282
0749.jpg,300,300,bee,2,13,262,210
0886.jpg,300,300,bee,3,16,293,300
0874.jpg,300,300,bee,93,89,219,199
0925.jpg,300,300,bee,116,43,239,194
0124.jpg,300,300,bee,27,4,292,297
01591.jpg,300,300,bee,130,111,171,194
0722.jpg,300,300,bee,148,120,286,264
0969.jpg,300,300,bee,68,11,297,298
0969.jpg,300,300,bee,2,59,88,180
01572.jpg,300,300,bee,121,132,161,186
01067.jpg,300,300,bee,35,35,232,266
01034.jpg,300,300,bee,22,3,287,293
0837.jpg,300,300,bee,39,55,144,181
0234.jpg,300,300,bee,13,11,258,300
01512.jpg,300,300,bee,7,6,282,293
01453.jpg,300,300,bee,119,85,216,208
01069.jpg,300,300,bee,3,1,300,287
0839.jpg,300,300,bee,130,75,202,211
01008.jpg,300,300,bee,113,118,195,202
01513.jpg,300,300,bee,30,9,300,300
01579.jpg,300,300,bee,10,22,298,297
0748.jpg,300,300,bee,29,49,219,265
01081.jpg,300,300,bee,108,55,203,241
0789.jpg,300,300,bee,118,97,269,262
01470.jpg,300,300,bee,22,3,288,298
0422.jpg,300,300,bee,10,8,292,279
0791.jpg,300,300,bee,24,48,156,170
0530.jpg,300,300,bee,105,36,277,156
0015.jpg,300,300,bee,50,92,147,158
01529.jpg,300,300,bee,60,20,288,300
0025.jpg,300,300,bee,41,67,176,209
01543.jpg,300,300,bee,15,1,298,300
01505.jpg,300,300,bee,43,39,290,265
01038.jpg,300,300,bee,5,5,292,299
01649.jpg,300,300,bee,23,36,290,294
01053.jpg,300,300,bee,23,4,297,289
0372.jpg,300,300,bee,37,16,295,294
0720.jpg,300,300,bee,5,11,263,300
01538.jpg,300,300,bee,38,4,280,282
0013.jpg,300,300,bee,101,6,198,84
01589.jpg,300,300,bee,48,32,193,261
01589.jpg,300,300,bee,123,1,254,115
0084.jpg,300,300,bee,34,80,281,225
01167.jpg,300,300,bee,8,17,292,299
01430.jpg,300,300,bee,5,1,145,244
01216.jpg,300,300,bee,53,87,101,201
0921.jpg,300,300,bee,57,25,288,300
0181.jpg,300,300,bee,10,41,300,299
01483.jpg,300,300,bee,60,115,172,208
0551.jpg,300,300,bee,59,91,166,192
0912.jpg,300,300,bee,7,1,275,300
01479.jpg,300,300,bee,101,61,244,249
01443.jpg,300,300,bee,10,12,292,300
0162.jpg,300,300,bee,8,22,287,300
01374.jpg,300,300,bee,28,1,293,289
01577.jpg,300,300,bee,63,86,200,240
0519.jpg,300,300,bee,25,85,212,220
01511.jpg,300,300,bee,33,5,300,293
0906.jpg,300,300,bee,45,110,214,268
0714.jpg,300,300,bee,5,6,293,293
01165.jpg,300,300,bee,104,49,204,158
01617.jpg,300,300,bee,10,3,293,300
0002.jpg,300,300,bee,53,95,270,274
01134.jpg,300,300,bee,69,124,225,239
0712.jpg,300,300,bee,3,13,290,296
0247.jpg,300,300,bee,32,34,250,300
0560.jpg,300,300,bee,98,71,158,245
01632.jpg,300,300,bee,2,9,288,275
0901.jpg,300,300,bee,81,96,196,242
0417.jpg,300,300,bee,22,1,300,282
0298.jpg,300,300,bee,24,1,283,296
01595.jpg,300,300,bee,2,3,285,263
01399.jpg,300,300,bee,167,132,191,182
01241.jpg,300,300,bee,5,9,292,296
0823.jpg,300,300,bee,8,13,290,300
0411.jpg,300,300,bee,50,19,295,288
0274.jpg,300,300,bee,100,95,243,261
01292.jpg,300,300,bee,18,38,295,300
01476.jpg,300,300,bee,90,63,194,201
0335.jpg,300,300,bee,113,87,196,199
01282.jpg,300,300,bee,81,163,153,261
0114.jpg,300,300,bee,107,90,236,216
0899.jpg,300,300,bee,150,32,256,254
0930.jpg,300,300,bee,52,32,290,278
0318.jpg,300,300,bee,106,66,231,209
0362.jpg,300,300,bee,134,105,254,234
01318.jpg,300,300,bee,5,9,293,289
0379.jpg,300,300,bee,45,2,295,289
0851.jpg,300,300,bee,57,70,251,227
0951.jpg,300,300,bee,135,30,232,162
01365.jpg,300,300,bee,156,61,268,206
0034.jpg,300,300,bee,108,77,191,212
0450.jpg,300,300,bee,110,103,170,202
01431.jpg,300,300,bee,2,8,287,300
01302.jpg,300,300,bee,8,11,287,287
0358.jpg,300,300,bee,7,1,280,295
01386.jpg,300,300,bee,63,83,211,273
0282.jpg,300,300,bee,28,3,293,280
0327.jpg,300,300,bee,71,108,153,215
0662.jpg,300,300,bee,52,112,131,217
0662.jpg,300,300,bee,172,112,250,216
01544.jpg,300,300,bee,10,2,293,300
01310.jpg,300,300,bee,118,17,268,204
0027.jpg,300,300,bee,165,152,209,197
0027.jpg,300,300,bee,131,152,165,208
0027.jpg,300,300,bee,59,244,109,281
0027.jpg,300,300,bee,85,86,126,120
0027.jpg,300,300,bee,200,2,226,41
0027.jpg,300,300,bee,42,44,64,86
01172.jpg,300,300,bee,125,219,187,269
01172.jpg,300,300,bee,230,48,283,116
01172.jpg,300,300,bee,110,39,181,108
01172.jpg,300,300,bee,43,39,106,136
0120.jpg,300,300,bee,74,162,159,221
01503.jpg,300,300,bee,142,102,175,162
01641.jpg,300,300,bee,13,2,292,300
01019.jpg,300,300,bee,128,125,178,197
0128.jpg,300,300,bee,65,52,244,224
01383.jpg,300,300,bee,55,35,152,179
01054.jpg,300,300,bee,100,95,167,139
0777.jpg,300,300,bee,140,20,269,189
0707.jpg,300,300,bee,102,51,147,159
0707.jpg,300,300,bee,148,85,187,189
0707.jpg,300,300,bee,1,157,44,300
0707.jpg,300,300,bee,206,1,250,71
0707.jpg,300,300,bee,241,109,290,212
0707.jpg,300,300,bee,219,216,290,300
0829.jpg,300,300,bee,15,36,292,293
01268.jpg,300,300,bee,28,76,197,237
01111.jpg,300,300,bee,20,2,295,283
01251.jpg,300,300,bee,3,1,292,294
01350.jpg,300,300,bee,27,6,293,300
0304.jpg,300,300,bee,54,149,168,290
0867.jpg,300,300,bee,103,93,212,210
01018.jpg,300,300,bee,65,34,285,281
0381.jpg,300,300,bee,84,109,214,260
01445.jpg,300,300,bee,28,49,287,300
01534.jpg,300,300,bee,32,93,186,257
0754.jpg,300,300,bee,15,33,268,300
0754.jpg,300,300,bee,68,1,298,27
01064.jpg,300,300,bee,103,171,219,266
01064.jpg,300,300,bee,41,89,132,174
0649.jpg,300,300,bee,114,65,256,250
0272.jpg,300,300,bee,52,64,134,204
0272.jpg,300,300,bee,164,86,291,205
0570.jpg,300,300,bee,182,82,273,191
0310.jpg,300,300,bee,57,3,292,274
01438.jpg,300,300,bee,12,3,290,256
0512.jpg,300,300,bee,104,80,194,238
0796.jpg,300,300,bee,5,2,285,296
0841.jpg,300,300,bee,50,27,292,297
0220.jpg,300,300,bee,128,61,209,187
0168.jpg,300,300,bee,86,89,132,159
0075.jpg,300,300,bee,112,65,253,144
0428.jpg,300,300,bee,83,174,104,219
0428.jpg,300,300,bee,122,189,149,248
0428.jpg,300,300,bee,170,202,192,252
0428.jpg,300,300,bee,40,86,60,131
0428.jpg,300,300,bee,68,114,83,145
0428.jpg,300,300,bee,271,1,295,32
0251.jpg,300,300,bee,38,54,264,222
01355.jpg,300,300,bee,33,22,293,297
0612.jpg,300,300,bee,2,9,268,300
0577.jpg,300,300,bee,5,10,287,294
0199.jpg,300,300,bee,132,131,283,206
01351.jpg,300,300,bee,50,13,300,292
0696.jpg,300,300,bee,85,52,183,235
01059.jpg,300,300,bee,2,46,229,251
01223.jpg,300,300,bee,68,43,207,229
0875.jpg,300,300,bee,2,7,287,300
0009.jpg,300,300,bee,60,104,206,215
01516.jpg,300,300,bee,12,1,243,294
01094.jpg,300,300,bee,68,8,232,255
0764.jpg,300,300,bee,17,3,295,286
0746.jpg,300,300,bee,82,20,300,299
01314.jpg,300,300,bee,23,5,297,300
0794.jpg,300,300,bee,118,106,182,180
01240.jpg,300,300,bee,81,61,158,193
0068.jpg,300,300,bee,18,1,285,288
0828.jpg,300,300,bee,5,1,297,300
0594.jpg,300,300,bee,5,17,292,300
0652.jpg,300,300,bee,17,4,290,300
0654.jpg,300,300,bee,7,32,298,299
0958.jpg,300,300,bee,49,3,225,201
01547.jpg,300,300,bee,87,27,190,151
0757.jpg,300,300,bee,10,26,297,300
01604.jpg,300,300,bee,58,39,203,269
0965.jpg,300,300,bee,32,2,285,289
0691.jpg,300,300,bee,100,83,178,202
0495.jpg,300,300,bee,125,135,197,220
0685.jpg,300,300,bee,7,34,288,297
0564.jpg,300,300,bee,20,14,298,297
01629.jpg,300,300,bee,12,8,298,299
01200.jpg,300,300,bee,24,23,265,274
0737.jpg,300,300,bee,12,16,293,298
01289.jpg,300,300,bee,3,25,263,300
01533.jpg,300,300,bee,125,65,197,217
0579.jpg,300,300,bee,32,21,300,300
0306.jpg,300,300,bee,86,124,178,285
01280.jpg,300,300,bee,130,68,293,298
0711.jpg,300,300,bee,34,126,172,242
01106.jpg,300,300,bee,8,5,290,300
0102.jpg,300,300,bee,38,38,188,280
0444.jpg,300,300,bee,15,15,277,288
01274.jpg,300,300,bee,3,6,278,300
0993.jpg,300,300,bee,112,46,241,252
01248.jpg,300,300,bee,49,2,266,300
01235.jpg,300,300,bee,73,1,295,291
0605.jpg,300,300,bee,48,79,240,225
0177.jpg,300,300,bee,102,90,181,199
0190.jpg,300,300,bee,71,83,183,208
0567.jpg,300,300,bee,48,12,241,269
0481.jpg,300,300,bee,119,55,239,267
0334.jpg,300,300,bee,128,74,244,272
0395.jpg,300,300,bee,128,118,188,177
0186.jpg,300,300,bee,135,78,198,182
0871.jpg,300,300,bee,13,1,295,273
0218.jpg,300,300,bee,28,1,288,223
01061.jpg,300,300,bee,60,84,187,231
0448.jpg,300,300,bee,15,9,295,300
01298.jpg,300,300,bee,18,3,297,286
0671.jpg,300,300,bee,3,4,298,300
0904.jpg,300,300,bee,106,15,269,256
0151.jpg,300,300,bee,81,106,177,210
0800.jpg,300,300,bee,3,3,298,294
0054.jpg,300,300,bee,27,1,277,296
0927.jpg,300,300,bee,39,112,149,234
01147.jpg,300,300,bee,17,10,285,288
0644.jpg,300,300,bee,14,41,300,268
01085.jpg,300,300,bee,15,16,295,278
01500.jpg,300,300,bee,10,8,288,282
0219.jpg,300,300,bee,16,166,64,290
0219.jpg,300,300,bee,166,228,256,296
0219.jpg,300,300,bee,113,108,197,186
0219.jpg,300,300,bee,214,130,249,219
0219.jpg,300,300,bee,250,5,300,36
0963.jpg,300,300,bee,62,49,277,299
0587.jpg,300,300,bee,80,85,157,165
0401.jpg,300,300,bee,3,5,295,289
0487.jpg,300,300,bee,8,7,285,297
0668.jpg,300,300,bee,108,111,226,238
0954.jpg,300,300,bee,98,83,281,219
0288.jpg,300,300,bee,12,19,295,300
0639.jpg,300,300,bee,20,18,288,291
0657.jpg,300,300,bee,20,17,265,300
01252.jpg,300,300,bee,92,59,268,230
01135.jpg,300,300,bee,80,17,191,216
01664.jpg,300,300,bee,62,11,297,279
0208.jpg,300,300,bee,169,55,222,136
01076.jpg,300,300,bee,15,4,285,300
0955.jpg,300,300,bee,42,6,281,270
0039.jpg,300,300,bee,51,86,233,249
0942.jpg,300,300,bee,83,96,190,187
0563.jpg,300,300,bee,12,16,297,300
0747.jpg,300,300,bee,139,35,261,273
01380.jpg,300,300,bee,22,4,298,294
01278.jpg,300,300,bee,13,9,293,294
0352.jpg,300,300,bee,134,113,210,300
0909.jpg,300,300,bee,13,3,292,300
0718.jpg,300,300,bee,5,10,290,299
0956.jpg,300,300,bee,36,53,256,272
0051.jpg,300,300,bee,68,55,218,170
0515.jpg,300,300,bee,90,77,158,249
0743.jpg,300,300,bee,104,48,184,221
0463.jpg,300,300,bee,22,1,287,297
0913.jpg,300,300,bee,32,98,147,283
0738.jpg,300,300,bee,58,128,233,295
01119.jpg,300,300,bee,30,4,290,300
0895.jpg,300,300,bee,5,8,297,297
0521.jpg,300,300,bee,98,24,300,270
0803.jpg,300,300,bee,174,141,284,234
0803.jpg,300,300,bee,80,123,158,175
01045.jpg,300,300,bee,12,4,300,293
0082.jpg,300,300,bee,50,2,260,297
01325.jpg,300,300,bee,7,4,298,278
0322.jpg,300,300,bee,122,112,192,300
01531.jpg,300,300,bee,105,123,182,208
01647.jpg,300,300,bee,66,63,153,190
0368.jpg,300,300,bee,49,80,162,176
0880.jpg,300,300,bee,28,27,255,275
01653.jpg,300,300,bee,27,7,300,300
0020.jpg,300,300,bee,81,13,218,225
0325.jpg,300,300,bee,84,41,182,169
0085.jpg,300,300,bee,25,2,273,287
0817.jpg,300,300,bee,130,80,280,228
0456.jpg,300,300,bee,17,5,292,299
0484.jpg,300,300,bee,152,156,236,251
01254.jpg,300,300,bee,20,19,287,297
0855.jpg,300,300,bee,56,39,243,266
0191.jpg,300,300,bee,42,46,212,250
0043.jpg,300,300,bee,66,95,270,213
01083.jpg,300,300,bee,42,18,283,277
01149.jpg,300,300,bee,5,17,295,300
0583.jpg,300,300,bee,30,70,127,148
0919.jpg,300,300,bee,24,90,253,268
0110.jpg,300,300,bee,2,27,277,300
01255.jpg,300,300,bee,60,121,182,190
01010.jpg,300,300,bee,2,3,250,300
0442.jpg,300,300,bee,12,34,280,297
0432.jpg,300,300,bee,72,105,188,229
0527.jpg,300,300,bee,112,122,196,224
0106.jpg,300,300,bee,77,114,134,238
01622.jpg,300,300,bee,130,38,297,300
0846.jpg,300,300,bee,20,8,293,294
0014.jpg,300,300,bee,52,1,297,250
01490.jpg,300,300,bee,2,7,283,300
01032.jpg,300,300,bee,10,219,116,299
01679.jpg,300,300,bee,84,89,185,214
0556.jpg,300,300,bee,7,8,290,300
01105.jpg,300,300,bee,45,7,298,300
01448.jpg,300,300,bee,23,6,287,297
0426.jpg,300,300,bee,9,84,257,240
01168.jpg,300,300,bee,5,82,277,300
0344.jpg,300,300,bee,12,10,292,284
01055.jpg,300,300,bee,22,3,190,231
0419.jpg,300,300,bee,33,19,280,295
0597.jpg,300,300,bee,7,25,211,225
0037.jpg,300,300,bee,10,1,297,275
0924.jpg,300,300,bee,23,3,297,300
01419.jpg,300,300,bee,87,4,249,300
0688.jpg,300,300,bee,13,2,295,300
01643.jpg,300,300,bee,15,4,295,299
01607.jpg,300,300,bee,138,71,251,212
01331.jpg,300,300,bee,77,99,186,215
0832.jpg,300,300,bee,77,65,239,240
0873.jpg,300,300,bee,21,17,251,241
01585.jpg,300,300,bee,47,3,300,300
01160.jpg,300,300,bee,7,1,290,288
0086.jpg,300,300,bee,133,44,298,300
01009.jpg,300,300,bee,98,64,262,230
0420.jpg,300,300,bee,10,5,295,299
0964.jpg,300,300,bee,55,2,297,278
01557.jpg,300,300,bee,3,3,297,299
01412.jpg,300,300,bee,22,1,265,300
01277.jpg,300,300,bee,22,20,282,298
01027.jpg,300,300,bee,3,13,290,300
0959.jpg,300,300,bee,59,59,223,285
0538.jpg,300,300,bee,43,13,287,300
01524.jpg,300,300,bee,110,76,270,241
01395.jpg,300,300,bee,131,122,219,285
0744.jpg,300,300,bee,53,35,295,300
0858.jpg,300,300,bee,2,19,262,279
0994.jpg,300,300,bee,51,76,184,252
01493.jpg,300,300,bee,22,8,285,300
01611.jpg,300,300,bee,43,86,203,254
0753.jpg,300,300,bee,3,9,278,300
0995.jpg,300,300,bee,98,107,173,209
01446.jpg,300,300,bee,35,18,292,293
0699.jpg,300,300,bee,2,48,237,300
01495.jpg,300,300,bee,32,29,287,270
01584.jpg,300,300,bee,32,88,161,212
0127.jpg,300,300,bee,88,120,195,229
0394.jpg,300,300,bee,148,99,198,164
0641.jpg,300,300,bee,81,65,206,197
01211.jpg,300,300,bee,43,62,284,280
0973.jpg,300,300,bee,7,8,290,297
01326.jpg,300,300,bee,41,107,121,291
01326.jpg,300,300,bee,102,109,172,288
0273.jpg,300,300,bee,102,50,192,216
0227.jpg,300,300,bee,56,76,266,252
0637.jpg,300,300,bee,121,146,216,251
01012.jpg,300,300,bee,3,2,283,300
0305.jpg,300,300,bee,48,9,267,300
01551.jpg,300,300,bee,2,3,298,292
0535.jpg,300,300,bee,15,6,292,292
01208.jpg,300,300,bee,74,92,198,211
0350.jpg,300,300,bee,13,14,172,255
01145.jpg,300,300,bee,20,10,292,285
01378.jpg,300,300,bee,44,108,160,246
0122.jpg,300,300,bee,60,79,250,231
0932.jpg,300,300,bee,10,3,298,199
0169.jpg,300,300,bee,83,18,297,288
0732.jpg,300,300,bee,128,69,223,179
01409.jpg,300,300,bee,37,11,297,300
0070.jpg,300,300,bee,25,2,297,288
0465.jpg,300,300,bee,129,75,226,215
0224.jpg,300,300,bee,30,3,297,300
01599.jpg,300,300,bee,3,12,262,300
0505.jpg,300,300,bee,56,39,225,156
01103.jpg,300,300,bee,58,128,122,220
01266.jpg,300,300,bee,5,31,285,291
0238.jpg,300,300,bee,78,113,241,252
0104.jpg,300,300,bee,100,96,194,234
01014.jpg,300,300,bee,129,32,279,193
0038.jpg,300,300,bee,2,1,257,291
01441.jpg,300,300,bee,10,6,280,294
0709.jpg,300,300,bee,11,49,188,171
0780.jpg,300,300,bee,7,15,290,300
01471.jpg,300,300,bee,103,23,298,300
0755.jpg,300,300,bee,7,2,293,294
01390.jpg,300,300,bee,64,62,265,255
01610.jpg,300,300,bee,52,4,297,289
0064.jpg,300,300,bee,2,1,278,259
0201.jpg,300,300,bee,13,1,275,300
0984.jpg,300,300,bee,22,3,300,300
0939.jpg,300,300,bee,129,86,254,224
01650.jpg,300,300,bee,15,4,293,300
01159.jpg,300,300,bee,66,98,167,243
01265.jpg,300,300,bee,5,6,230,298
01449.jpg,300,300,bee,10,2,297,300
0876.jpg,300,300,bee,7,8,298,290
0890.jpg,300,300,bee,100,2,297,253
01068.jpg,300,300,bee,92,76,195,204
0369.jpg,300,300,bee,46,149,246,247
01648.jpg,300,300,bee,149,77,206,228
01039.jpg,300,300,bee,17,6,297,297
0558.jpg,300,300,bee,39,31,172,156
0520.jpg,300,300,bee,50,62,140,146
01435.jpg,300,300,bee,22,1,300,299
0840.jpg,300,300,bee,67,13,222,276
0129.jpg,300,300,bee,20,10,282,276
0416.jpg,300,300,bee,31,46,214,273
01322.jpg,300,300,bee,42,4,293,300
01567.jpg,300,300,bee,8,5,295,292
01491.jpg,300,300,bee,56,6,298,266
01264.jpg,300,300,bee,2,19,293,296
0466.jpg,300,300,bee,38,3,290,300
01387.jpg,300,300,bee,30,3,257,288
0024.jpg,300,300,bee,67,1,275,264
0818.jpg,300,300,bee,52,121,183,228
0183.jpg,300,300,bee,85,71,231,212
0211.jpg,300,300,bee,135,65,300,300
01011.jpg,300,300,bee,80,77,235,260
0845.jpg,300,300,bee,27,5,295,295
0724.jpg,300,300,bee,31,17,292,281
0409.jpg,300,300,bee,30,4,217,300
0336.jpg,300,300,bee,72,25,225,286
0048.jpg,300,300,bee,171,11,289,179
01213.jpg,300,300,bee,75,75,128,129
01213.jpg,300,300,bee,132,49,185,113
01005.jpg,300,300,bee,65,72,250,250
01246.jpg,300,300,bee,74,30,239,297
0167.jpg,300,300,bee,62,60,212,160
01670.jpg,300,300,bee,108,28,300,291
0669.jpg,300,300,bee,23,52,224,229
0810.jpg,300,300,bee,141,72,240,206
0804.jpg,300,300,bee,80,19,283,287
01569.jpg,300,300,bee,79,58,162,180
0159.jpg,300,300,bee,47,1,297,244
0945.jpg,300,300,bee,87,27,235,221
01114.jpg,300,300,bee,89,54,195,146
0614.jpg,300,300,bee,120,76,224,224
0081.jpg,300,300,bee,3,71,158,241
0802.jpg,300,300,bee,15,1,270,296
0458.jpg,300,300,bee,73,98,144,225
01342.jpg,300,300,bee,12,10,295,271
0096.jpg,300,300,bee,85,78,118,163
0096.jpg,300,300,bee,121,77,160,174
0697.jpg,300,300,bee,90,19,300,288
0799.jpg,300,300,bee,56,70,213,263
0105.jpg,300,300,bee,108,144,171,269
01565.jpg,300,300,bee,2,11,297,300
01382.jpg,300,300,bee,92,84,199,207
0541.jpg,300,300,bee,30,15,285,299
01198.jpg,300,300,bee,62,73,245,259
0187.jpg,300,300,bee,5,3,295,300
0908.jpg,300,300,bee,2,55,210,299
01074.jpg,300,300,bee,79,65,143,135
01100.jpg,300,300,bee,70,100,167,249
0486.jpg,300,300,bee,8,2,297,285
0032.jpg,300,300,bee,10,4,287,300
0035.jpg,300,300,bee,25,4,295,294
0741.jpg,300,300,bee,10,2,295,294
01600.jpg,300,300,bee,52,42,165,171
01678.jpg,300,300,bee,15,1,293,300
0609.jpg,300,300,bee,28,1,293,300
0480.jpg,300,300,bee,198,100,279,218
01309.jpg,300,300,bee,17,4,292,300
0056.jpg,300,300,bee,58,75,167,141
01102.jpg,300,300,bee,92,151,202,220
01498.jpg,300,300,bee,23,10,293,297
0798.jpg,300,300,bee,10,2,300,290
01581.jpg,300,300,bee,76,89,164,197
0062.jpg,300,300,bee,3,31,195,300
01609.jpg,300,300,bee,22,19,295,299
01457.jpg,300,300,bee,164,114,235,230
0664.jpg,300,300,bee,3,2,293,300
0634.jpg,300,300,bee,3,26,295,300
0147.jpg,300,300,bee,5,17,262,285
0591.jpg,300,300,bee,129,62,245,196
0055.jpg,300,300,bee,22,4,278,293
0949.jpg,300,300,bee,5,50,294,254
01108.jpg,300,300,bee,5,11,292,300
0736.jpg,300,300,bee,57,89,138,185
0200.jpg,300,300,bee,64,90,200,244
0066.jpg,300,300,bee,106,111,175,170
01212.jpg,300,300,bee,72,8,298,290
0506.jpg,300,300,bee,40,12,300,300
0606.jpg,300,300,bee,77,76,212,204
0598.jpg,300,300,bee,13,32,293,300
01115.jpg,300,300,bee,13,2,300,289
0859.jpg,300,300,bee,69,57,256,299
0264.jpg,300,300,bee,163,38,258,213
01515.jpg,300,300,bee,77,24,287,286
01515.jpg,300,300,bee,7,2,65,97
01096.jpg,300,300,bee,10,7,252,300
0497.jpg,300,300,bee,82,95,204,215
0459.jpg,300,300,bee,124,80,180,228
0069.jpg,300,300,bee,86,206,145,258
0069.jpg,300,300,bee,179,121,242,174
0374.jpg,300,300,bee,136,54,196,184
0613.jpg,300,300,bee,42,71,201,247
01127.jpg,300,300,bee,134,120,181,191
0001.jpg,300,300,bee,118,97,255,258
0472.jpg,300,300,bee,82,62,259,181
01178.jpg,300,300,bee,7,9,293,297
0441.jpg,300,300,bee,5,43,298,297
01153.jpg,300,300,bee,58,60,212,216
0403.jpg,300,300,bee,10,2,292,299
0656.jpg,300,300,bee,87,11,181,199
0553.jpg,300,300,bee,63,14,275,279
0544.jpg,300,300,bee,157,127,219,264
0885.jpg,300,300,bee,77,65,195,211
0301.jpg,300,300,bee,150,73,199,117
0624.jpg,300,300,bee,2,1,300,290
0944.jpg,300,300,bee,85,35,213,216
01284.jpg,300,300,bee,7,17,215,300
01303.jpg,300,300,bee,35,33,189,270
01006.jpg,300,300,bee,60,2,298,282
01006.jpg,300,300,bee,2,219,87,300
01602.jpg,300,300,bee,18,11,295,274
01668.jpg,300,300,bee,33,3,298,298
0599.jpg,300,300,bee,17,16,292,300
01051.jpg,300,300,bee,13,1,293,300
01267.jpg,300,300,bee,3,17,267,300
0141.jpg,300,300,bee,99,55,180,223
01104.jpg,300,300,bee,17,10,293,296
01518.jpg,300,300,bee,7,3,232,299
01416.jpg,300,300,bee,33,78,172,276
0058.jpg,300,300,bee,174,70,244,153
01339.jpg,300,300,bee,3,7,258,278
0431.jpg,300,300,bee,52,36,291,254
01466.jpg,300,300,bee,5,6,267,296
0838.jpg,300,300,bee,110,84,191,195
0779.jpg,300,300,bee,64,67,221,233
0708.jpg,300,300,bee,14,50,199,244
01354.jpg,300,300,bee,37,4,297,276
0588.jpg,300,300,bee,5,1,298,232
01640.jpg,300,300,bee,18,57,298,300
01047.jpg,300,300,bee,48,1,300,283
01345.jpg,300,300,bee,85,132,142,252
0896.jpg,300,300,bee,2,4,283,300
0429.jpg,300,300,bee,33,67,285,300
0719.jpg,300,300,bee,12,29,275,279
01371.jpg,300,300,bee,7,1,298,300
0387.jpg,300,300,bee,172,71,284,198
0375.jpg,300,300,bee,104,51,206,239
0729.jpg,300,300,bee,59,52,161,229
0684.jpg,300,300,bee,53,1,155,85
0684.jpg,300,300,bee,197,12,294,104
01202.jpg,300,300,bee,98,18,276,184
01130.jpg,300,300,bee,18,12,287,294
01456.jpg,300,300,bee,50,17,297,299
0648.jpg,300,300,bee,55,19,300,300
01166.jpg,300,300,bee,54,132,121,232
0636.jpg,300,300,bee,13,1,297,286
0353.jpg,300,300,bee,112,59,190,135
0004.jpg,300,300,bee,15,4,300,299
0319.jpg,300,300,bee,80,75,202,221
0628.jpg,300,300,bee,13,10,300,290
01606.jpg,300,300,bee,21,78,153,232
0116.jpg,300,300,bee,117,104,202,206
0424.jpg,300,300,bee,56,27,201,288
0819.jpg,300,300,bee,44,60,202,240
01556.jpg,300,300,bee,63,73,191,214
01244.jpg,300,300,bee,17,35,293,300
0091.jpg,300,300,bee,23,2,298,300
0482.jpg,300,300,bee,35,18,287,296
01109.jpg,300,300,bee,32,3,292,279
0862.jpg,300,300,bee,7,1,300,217
01041.jpg,300,300,bee,13,34,243,300
0367.jpg,300,300,bee,23,1,295,281
0212.jpg,300,300,bee,17,4,295,300
01398.jpg,300,300,bee,8,2,297,300
0663.jpg,300,300,bee,46,70,150,158
0625.jpg,300,300,bee,5,2,230,300
0485.jpg,300,300,bee,44,30,175,232
0887.jpg,300,300,bee,66,84,202,265
0384.jpg,300,300,bee,116,62,209,245
0966.jpg,300,300,bee,45,68,202,218
0549.jpg,300,300,bee,28,1,295,168
0565.jpg,300,300,bee,13,45,293,298
0047.jpg,300,300,bee,39,44,270,265
0283.jpg,300,300,bee,57,96,188,262
0727.jpg,300,300,bee,15,15,293,300
01652.jpg,300,300,bee,40,26,270,300
0115.jpg,300,300,bee,35,48,137,261
01657.jpg,300,300,bee,3,3,293,298
01487.jpg,300,300,bee,13,4,288,286
01370.jpg,300,300,bee,32,2,298,300
0355.jpg,300,300,bee,144,66,255,282
0193.jpg,300,300,bee,157,124,220,239
0383.jpg,300,300,bee,88,87,162,185
0546.jpg,300,300,bee,23,18,300,299
01347.jpg,300,300,bee,7,18,257,295
01667.jpg,300,300,bee,51,85,200,245
0437.jpg,300,300,bee,2,9,252,300
01169.jpg,300,300,bee,22,1,292,300
01364.jpg,300,300,bee,117,121,171,214
01363.jpg,300,300,bee,72,62,190,156
0347.jpg,300,300,bee,95,33,273,297
0430.jpg,300,300,bee,192,57,275,236
01450.jpg,300,300,bee,37,2,298,295
01546.jpg,300,300,bee,123,71,246,205
01628.jpg,300,300,bee,18,3,298,300
01256.jpg,300,300,bee,83,94,261,255
0937.jpg,300,300,bee,7,7,288,300
01176.jpg,300,300,bee,8,13,290,300
0783.jpg,300,300,bee,58,46,206,220
0345.jpg,300,300,bee,10,25,283,294
0914.jpg,300,300,bee,43,1,168,171
01306.jpg,300,300,bee,129,115,179,183
0770.jpg,300,300,bee,79,73,103,178
0770.jpg,300,300,bee,151,75,174,117
0770.jpg,300,300,bee,18,245,39,287
0770.jpg,300,300,bee,1,92,49,138
0050.jpg,300,300,bee,169,14,262,138
01272.jpg,300,300,bee,73,2,300,300
0280.jpg,300,300,bee,88,100,190,242
01294.jpg,300,300,bee,82,73,263,210
01484.jpg,300,300,bee,78,19,258,287
0847.jpg,300,300,bee,7,9,260,300
01004.jpg,300,300,bee,5,3,292,289
0833.jpg,300,300,bee,105,115,229,268
0356.jpg,300,300,bee,8,2,293,274
0040.jpg,300,300,bee,32,2,297,294
01137.jpg,300,300,bee,61,66,163,204
0385.jpg,300,300,bee,13,5,283,300
01021.jpg,300,300,bee,12,3,293,300
01537.jpg,300,300,bee,52,7,293,300
01084.jpg,300,300,bee,118,109,264,256
01582.jpg,300,300,bee,8,4,292,300
01391.jpg,300,300,bee,73,41,226,136
0582.jpg,300,300,bee,122,120,220,220
0700.jpg,300,300,bee,25,3,300,300
01218.jpg,300,300,bee,92,129,172,240
0573.jpg,300,300,bee,18,46,293,300
01098.jpg,300,300,bee,32,4,292,275
01413.jpg,300,300,bee,38,5,293,292
01082.jpg,300,300,bee,42,33,298,294
0361.jpg,300,300,bee,17,10,285,300
0469.jpg,300,300,bee,71,78,206,203
0207.jpg,300,300,bee,127,151,161,199
0182.jpg,300,300,bee,150,59,229,179
0710.jpg,300,300,bee,15,3,297,290
0185.jpg,300,300,bee,3,27,300,300
0978.jpg,300,300,bee,109,94,169,184
0462.jpg,300,300,bee,57,26,288,300
0730.jpg,300,300,bee,158,16,297,199
0118.jpg,300,300,bee,118,121,170,207
0661.jpg,300,300,bee,89,120,148,187
0661.jpg,300,300,bee,220,104,266,166
0133.jpg,300,300,bee,104,24,274,180
01539.jpg,300,300,bee,54,54,159,189
0974.jpg,300,300,bee,118,96,221,203
0100.jpg,300,300,bee,100,80,159,269
01133.jpg,300,300,bee,8,40,258,300
01133.jpg,300,300,bee,162,2,298,73
0296.jpg,300,300,bee,3,1,237,209
0023.jpg,300,300,bee,100,98,223,231
0976.jpg,300,300,bee,40,61,272,215
01288.jpg,300,300,bee,70,8,297,299
01201.jpg,300,300,bee,15,32,300,263
01201.jpg,300,300,bee,158,2,298,86
0980.jpg,300,300,bee,54,69,271,220
0673.jpg,300,300,bee,17,2,300,297
0339.jpg,300,300,bee,134,115,179,198
0713.jpg,300,300,bee,48,1,230,212
0797.jpg,300,300,bee,2,1,300,284
0019.jpg,300,300,bee,154,140,244,295
01116.jpg,300,300,bee,10,31,252,296
01116.jpg,300,300,bee,253,2,300,181
0792.jpg,300,300,bee,36,105,211,209
0857.jpg,300,300,bee,130,99,192,176
01188.jpg,300,300,bee,127,66,235,186
01352.jpg,300,300,bee,92,25,154,146
0473.jpg,300,300,bee,13,19,282,285
0285.jpg,300,300,bee,26,62,228,240
01304.jpg,300,300,bee,9,5,291,290
01645.jpg,300,300,bee,22,3,297,279
0509.jpg,300,300,bee,124,121,201,176
0878.jpg,300,300,bee,71,120,171,267
01406.jpg,300,300,bee,12,8,285,292
0030.jpg,300,300,bee,83,24,164,194
0554.jpg,300,300,bee,2,6,283,294
0499.jpg,300,300,bee,27,3,293,285
0346.jpg,300,300,bee,100,97,225,207
0860.jpg,300,300,bee,25,4,295,299
0972.jpg,300,300,bee,75,17,229,197
0275.jpg,300,300,bee,13,28,285,300
01049.jpg,300,300,bee,64,64,271,241
0892.jpg,300,300,bee,94,41,199,261
0928.jpg,300,300,bee,8,26,293,299
0340.jpg,300,300,bee,127,91,246,259
0414.jpg,300,300,bee,43,92,161,237
0173.jpg,300,300,bee,74,37,168,163
01627.jpg,300,300,bee,19,49,279,226
01308.jpg,300,300,bee,60,87,242,266
0617.jpg,300,300,bee,86,96,187,290
0640.jpg,300,300,bee,72,38,262,283
0528.jpg,300,300,bee,13,5,267,282
01062.jpg,300,300,bee,84,46,199,178
01661.jpg,300,300,bee,10,10,282,299
0808.jpg,300,300,bee,5,95,257,267
0660.jpg,300,300,bee,29,61,135,215
01447.jpg,300,300,bee,56,27,220,226
01583.jpg,300,300,bee,61,58,173,168
01439.jpg,300,300,bee,25,62,288,259
0566.jpg,300,300,bee,39,75,169,192
0418.jpg,300,300,bee,75,38,240,252
01144.jpg,300,300,bee,20,6,267,293
01394.jpg,300,300,bee,10,1,295,278
0393.jpg,300,300,bee,159,101,206,161
01520.jpg,300,300,bee,24,19,287,288
0405.jpg,300,300,bee,61,82,164,175
01121.jpg,300,300,bee,119,50,235,199
0653.jpg,300,300,bee,63,54,209,258
01184.jpg,300,300,bee,51,119,129,208
0555.jpg,300,300,bee,3,3,293,299
0477.jpg,300,300,bee,28,15,300,295
0364.jpg,300,300,bee,127,114,165,170
0658.jpg,300,300,bee,82,48,155,216
0931.jpg,300,300,bee,18,6,298,300
01660.jpg,300,300,bee,65,75,256,261
01186.jpg,300,300,bee,17,16,293,300
01468.jpg,300,300,bee,44,86,133,185
01468.jpg,300,300,bee,133,96,202,174
0786.jpg,300,300,bee,28,13,293,277
0095.jpg,300,300,bee,140,76,216,241
01553.jpg,300,300,bee,7,7,297,300
0703.jpg,300,300,bee,77,81,216,216
0548.jpg,300,300,bee,118,74,242,196
01578.jpg,300,300,bee,5,8,288,300
01203.jpg,300,300,bee,87,101,194,250
0842.jpg,300,300,bee,13,4,297,280
0067.jpg,300,300,bee,15,8,233,281
01222.jpg,300,300,bee,35,8,295,300
0439.jpg,300,300,bee,85,51,175,281
01194.jpg,300,300,bee,3,21,235,283
01614.jpg,300,300,bee,63,57,298,300
01474.jpg,300,300,bee,15,1,295,264
01527.jpg,300,300,bee,10,13,290,300
0686.jpg,300,300,bee,13,14,298,291
01086.jpg,300,300,bee,23,6,290,299
01630.jpg,300,300,bee,10,3,293,297
01621.jpg,300,300,bee,33,4,295,300
01033.jpg,300,300,bee,138,41,248,279
01234.jpg,300,300,bee,25,5,285,300
01025.jpg,300,300,bee,107,85,244,234
01099.jpg,300,300,bee,39,38,275,277
01204.jpg,300,300,bee,3,4,288,295
01328.jpg,300,300,bee,48,44,298,300
0852.jpg,300,300,bee,13,8,298,289
0646.jpg,300,300,bee,108,35,274,274
0526.jpg,300,300,bee,86,123,173,198
0812.jpg,300,300,bee,38,22,298,300
0916.jpg,300,300,bee,10,10,300,289
01615.jpg,300,300,bee,31,105,266,276
0596.jpg,300,300,bee,12,13,297,300
0333.jpg,300,300,bee,114,110,228,248
0883.jpg,300,300,bee,21,3,186,202
01092.jpg,300,300,bee,37,11,298,299
0005.jpg,300,300,bee,3,4,290,299
0725.jpg,300,300,bee,13,8,288,300
0815.jpg,300,300,bee,5,5,287,300
0665.jpg,300,300,bee,5,34,290,300
01232.jpg,300,300,bee,28,25,228,134
0580.jpg,300,300,bee,98,90,193,220
01414.jpg,300,300,bee,136,12,251,196
0016.jpg,300,300,bee,3,1,255,300
0752.jpg,300,300,bee,96,86,172,235
01593.jpg,300,300,bee,3,51,258,241
0514.jpg,300,300,bee,72,38,290,300
0514.jpg,300,300,bee,2,1,65,105
0309.jpg,300,300,bee,110,72,255,267
01276.jpg,300,300,bee,68,112,203,236
01233.jpg,300,300,bee,152,42,270,138
0522.jpg,300,300,bee,77,22,186,206
0071.jpg,300,300,bee,84,89,197,211
0811.jpg,300,300,bee,79,56,177,222
01519.jpg,300,300,bee,97,42,285,230
01478.jpg,300,300,bee,132,25,262,279
0089.jpg,300,300,bee,15,50,275,300
0621.jpg,300,300,bee,2,7,295,283
0595.jpg,300,300,bee,88,87,297,299
01480.jpg,300,300,bee,5,30,282,298
0135.jpg,300,300,bee,142,53,232,235
0941.jpg,300,300,bee,38,4,298,284
0489.jpg,300,300,bee,32,50,292,300
0682.jpg,300,300,bee,10,15,263,296
0461.jpg,300,300,bee,5,1,298,263
0889.jpg,300,300,bee,8,29,300,287
0184.jpg,300,300,bee,72,66,208,290
0518.jpg,300,300,bee,7,4,263,300
0578.jpg,300,300,bee,128,65,209,245
0785.jpg,300,300,bee,40,46,285,260
0822.jpg,300,300,bee,2,4,273,276
0107.jpg,300,300,bee,112,80,233,215
01335.jpg,300,300,bee,12,12,265,300
0929.jpg,300,300,bee,110,20,254,196
01311.jpg,300,300,bee,24,15,166,222
01138.jpg,300,300,bee,26,115,128,286
0529.jpg,300,300,bee,5,7,280,293
0046.jpg,300,300,bee,60,44,242,150
0036.jpg,300,300,bee,40,4,297,300
0975.jpg,300,300,bee,86,10,251,282
0734.jpg,300,300,bee,116,116,184,199
01433.jpg,300,300,bee,25,2,293,288
0404.jpg,300,300,bee,40,6,295,300
01162.jpg,300,300,bee,128,115,209,212
0835.jpg,300,300,bee,47,57,192,218
01469.jpg,300,300,bee,10,14,248,294
01486.jpg,300,300,bee,28,35,278,300
01060.jpg,300,300,bee,20,6,300,300
01077.jpg,300,300,bee,8,3,298,285
0398.jpg,300,300,bee,28,1,298,237
01071.jpg,300,300,bee,100,71,210,217
0258.jpg,300,300,bee,48,7,290,292
01570.jpg,300,300,bee,7,18,243,285
01570.jpg,300,300,bee,207,10,300,124
01199.jpg,300,300,bee,68,13,219,185
0894.jpg,300,300,bee,12,45,300,300
0772.jpg,300,300,bee,18,64,138,158
0772.jpg,300,300,bee,86,138,160,293
0772.jpg,300,300,bee,142,102,231,232
0772.jpg,300,300,bee,227,108,294,268
0772.jpg,300,300,bee,227,5,300,99
0772.jpg,300,300,bee,25,1,117,51
0772.jpg,300,300,bee,132,1,225,63
01227.jpg,300,300,bee,143,117,213,244
01044.jpg,300,300,bee,98,61,235,236
0531.jpg,300,300,bee,72,78,231,222
01497.jpg,300,300,bee,108,34,290,238
0806.jpg,300,300,bee,51,134,167,186
0196.jpg,300,300,bee,46,41,188,249
0996.jpg,300,300,bee,7,7,288,296
01141.jpg,300,300,bee,69,72,292,300
01296.jpg,300,300,bee,28,10,263,279
01210.jpg,300,300,bee,43,118,178,250
0299.jpg,300,300,bee,127,111,163,152
0061.jpg,300,300,bee,30,2,295,297
01245.jpg,300,300,bee,7,3,298,274
0503.jpg,300,300,bee,2,10,288,273
0359.jpg,300,300,bee,93,68,254,276
0080.jpg,300,300,bee,32,3,285,295
01333.jpg,300,300,bee,73,93,144,201
01440.jpg,300,300,bee,2,7,223,300
0045.jpg,300,300,bee,20,1,290,300
01605.jpg,300,300,bee,22,10,283,300
0290.jpg,300,300,bee,2,2,292,300
0093.jpg,300,300,bee,50,1,298,285
0271.jpg,300,300,bee,32,3,297,300
0759.jpg,300,300,bee,65,65,228,236
0329.jpg,300,300,bee,13,20,295,295
01608.jpg,300,300,bee,2,2,275,292
0826.jpg,300,300,bee,3,3,293,300
01024.jpg,300,300,bee,3,4,287,300
01171.jpg,300,300,bee,112,113,188,230
0967.jpg,300,300,bee,95,65,195,246
0410.jpg,300,300,bee,157,47,270,242
0119.jpg,300,300,bee,85,8,288,287
0774.jpg,300,300,bee,79,28,260,226
0189.jpg,300,300,bee,74,104,131,161
0434.jpg,300,300,bee,159,27,278,188
01473.jpg,300,300,bee,18,8,287,283
0483.jpg,300,300,bee,7,4,280,300
0917.jpg,300,300,bee,54,1,250,164
01482.jpg,300,300,bee,27,1,297,299
0762.jpg,300,300,bee,118,69,248,238
01542.jpg,300,300,bee,90,81,206,199
01464.jpg,300,300,bee,13,10,290,300
0446.jpg,300,300,bee,62,100,129,201
0638.jpg,300,300,bee,118,95,212,206
0198.jpg,300,300,bee,173,141,221,180
0198.jpg,300,300,bee,218,108,252,129
0198.jpg,300,300,bee,48,134,102,165
0198.jpg,300,300,bee,81,194,100,259
0198.jpg,300,300,bee,15,100,39,174
0198.jpg,300,300,bee,252,1,286,71
0198.jpg,300,300,bee,135,269,153,300
0198.jpg,300,300,bee,99,78,149,109
0198.jpg,300,300,bee,158,1,188,32
0198.jpg,300,300,bee,41,12,65,48
0198.jpg,300,300,bee,273,250,292,286
0157.jpg,300,300,bee,96,70,264,195
01526.jpg,300,300,bee,32,13,287,288
01420.jpg,300,300,bee,13,3,293,292
01410.jpg,300,300,bee,7,9,268,300
01545.jpg,300,300,bee,28,33,275,248
0608.jpg,300,300,bee,97,108,165,156
0109.jpg,300,300,bee,125,24,161,106
0109.jpg,300,300,bee,166,36,200,77
01334.jpg,300,300,bee,27,15,278,300
0126.jpg,300,300,bee,59,77,221,241
0087.jpg,300,300,bee,26,44,133,254
01007.jpg,300,300,bee,12,19,293,297
01095.jpg,300,300,bee,128,104,204,196
0194.jpg,300,300,bee,98,91,219,234
0868.jpg,300,300,bee,6,41,278,300
01642.jpg,300,300,bee,52,53,209,287
0723.jpg,300,300,bee,84,32,226,225
0742.jpg,300,300,bee,80,55,204,210
01563.jpg,300,300,bee,7,2,292,300
01674.jpg,300,300,bee,77,25,192,155
01375.jpg,300,300,bee,89,80,196,262
01065.jpg,300,300,bee,30,8,295,293
01501.jpg,300,300,bee,13,4,297,294
01631.jpg,300,300,bee,12,3,295,267
0604.jpg,300,300,bee,65,54,298,186
01522.jpg,300,300,bee,17,6,287,299
0203.jpg,300,300,bee,17,2,282,300
01502.jpg,300,300,bee,32,2,298,296
0771.jpg,300,300,bee,3,6,278,288
0923.jpg,300,300,bee,3,33,237,300
0756.jpg,300,300,bee,32,1,300,296
01037.jpg,300,300,bee,118,110,165,190
01299.jpg,300,300,bee,70,61,291,284
01228.jpg,300,300,bee,40,51,233,218
01015.jpg,300,300,bee,72,70,300,300
01367.jpg,300,300,bee,122,11,292,264
01001.jpg,300,300,bee,117,86,236,232
0049.jpg,300,300,bee,35,1,290,299
01181.jpg,300,300,bee,10,33,263,288
0343.jpg,300,300,bee,92,79,258,272
0645.jpg,300,300,bee,43,32,230,191
0690.jpg,300,300,bee,58,21,293,288
0690.jpg,300,300,bee,2,1,100,28
01249.jpg,300,300,bee,69,65,152,167
0805.jpg,300,300,bee,55,29,300,288
0073.jpg,300,300,bee,98,120,204,249
01625.jpg,300,300,bee,7,1,299,287
0493.jpg,300,300,bee,17,5,285,300
01372.jpg,300,300,bee,12,2,288,292
01073.jpg,300,300,bee,98,26,217,214
01295.jpg,300,300,bee,99,71,229,193
0615.jpg,300,300,bee,70,15,243,238
0504.jpg,300,300,bee,2,3,293,296
0788.jpg,300,300,bee,10,4,287,297
01459.jpg,300,300,bee,13,2,300,259
0650.jpg,300,300,bee,27,8,223,300
0108.jpg,300,300,bee,18,1,295,271
0643.jpg,300,300,bee,5,10,198,134
0386.jpg,300,300,bee,42,34,230,251
0751.jpg,300,300,bee,2,1,275,300
0676.jpg,300,300,bee,65,104,206,222
0726.jpg,300,300,bee,26,99,202,280
0760.jpg,300,300,bee,12,51,68,185
0760.jpg,300,300,bee,38,22,99,117
0760.jpg,300,300,bee,102,217,168,293
0760.jpg,300,300,bee,227,38,265,158
0760.jpg,300,300,bee,106,52,184,152
0760.jpg,300,300,bee,238,239,300,300
0760.jpg,300,300,bee,33,158,90,278
0545.jpg,300,300,bee,8,12,297,300
0112.jpg,300,300,bee,124,101,195,254
01128.jpg,300,300,bee,15,6,230,289
01665.jpg,300,300,bee,137,127,176,184
0953.jpg,300,300,bee,18,65,298,300
0953.jpg,300,300,bee,197,1,300,56
0611.jpg,300,300,bee,74,98,240,224
0960.jpg,300,300,bee,3,11,282,300
0464.jpg,300,300,bee,109,108,170,176
0490.jpg,300,300,bee,90,156,137,220
0490.jpg,300,300,bee,96,69,139,137
0490.jpg,300,300,bee,143,99,169,158
01332.jpg,300,300,bee,5,15,287,288
0158.jpg,300,300,bee,7,10,272,294
0559.jpg,300,300,bee,81,86,239,179
01408.jpg,300,300,bee,13,3,285,300
01343.jpg,300,300,bee,7,7,290,293
0289.jpg,300,300,bee,112,32,204,240
0979.jpg,300,300,bee,15,28,268,300
0574.jpg,300,300,bee,7,111,272,300
0574.jpg,300,300,bee,38,3,300,104
0525.jpg,300,300,bee,5,1,263,299
0072.jpg,300,300,bee,35,1,292,299
0844.jpg,300,300,bee,13,16,275,300
0602.jpg,300,300,bee,7,1,300,227
0399.jpg,300,300,bee,2,10,293,298
0098.jpg,300,300,bee,101,56,123,100
01231.jpg,300,300,bee,13,42,297,300
0900.jpg,300,300,bee,35,10,285,300
0900.jpg,300,300,bee,2,231,102,300
01022.jpg,300,300,bee,152,64,262,229
01573.jpg,300,300,bee,65,33,293,296
0125.jpg,300,300,bee,105,83,283,276
01293.jpg,300,300,bee,209,109,268,222
0758.jpg,300,300,bee,48,29,246,286
01472.jpg,300,300,bee,98,1,191,175
0065.jpg,300,300,bee,3,2,293,300
01262.jpg,300,300,bee,60,34,196,239
0017.jpg,300,300,bee,10,33,257,299
0479.jpg,300,300,bee,55,72,245,241
01151.jpg,300,300,bee,61,99,169,222
01036.jpg,300,300,bee,109,85,233,231
0881.jpg,300,300,bee,62,38,234,151
0496.jpg,300,300,bee,28,8,142,200
01089.jpg,300,300,bee,5,36,293,300
01571.jpg,300,300,bee,57,50,181,182
01221.jpg,300,300,bee,100,46,216,124
0620.jpg,300,300,bee,52,41,255,270
0174.jpg,300,300,bee,87,73,219,184
0492.jpg,300,300,bee,20,16,287,299
0060.jpg,300,300,bee,86,106,190,272
0078.jpg,300,300,bee,98,46,196,221
01066.jpg,300,300,bee,32,7,269,294
01379.jpg,300,300,bee,20,3,293,300
0988.jpg,300,300,bee,9,80,232,241
0342.jpg,300,300,bee,30,37,254,187
01496.jpg,300,300,bee,15,46,293,297
0408.jpg,300,300,bee,126,101,244,209
0011.jpg,300,300,bee,87,89,146,155
0998.jpg,300,300,bee,13,6,293,300
0160.jpg,300,300,bee,36,63,202,252
01452.jpg,300,300,bee,12,7,280,300
01586.jpg,300,300,bee,5,3,282,293
0390.jpg,300,300,bee,52,2,290,296
0427.jpg,300,300,bee,7,17,242,300
0999.jpg,300,300,bee,7,1,288,275
0123.jpg,300,300,bee,167,228,257,276
0123.jpg,300,300,bee,20,120,58,239
0123.jpg,300,300,bee,118,108,202,174
0123.jpg,300,300,bee,256,96,300,190
0123.jpg,300,300,bee,275,39,300,70
0123.jpg,300,300,bee,203,18,238,81
0830.jpg,300,300,bee,8,4,297,298
0421.jpg,300,300,bee,74,80,215,252
01117.jpg,300,300,bee,69,41,226,210
0176.jpg,300,300,bee,80,3,246,163
0655.jpg,300,300,bee,65,56,177,223
0616.jpg,300,300,bee,30,1,300,299
0146.jpg,300,300,bee,112,61,158,169
01385.jpg,300,300,bee,32,1,295,300
01475.jpg,300,300,bee,15,1,300,282
01594.jpg,300,300,bee,5,5,298,288
0807.jpg,300,300,bee,34,83,213,263
01635.jpg,300,300,bee,35,17,241,257
01183.jpg,300,300,bee,12,14,292,300
0950.jpg,300,300,bee,117,123,161,201
01488.jpg,300,300,bee,10,7,293,300
01455.jpg,300,300,bee,40,1,297,300
0677.jpg,300,300,bee,18,6,295,300
01070.jpg,300,300,bee,13,1,300,273
0478.jpg,300,300,bee,8,13,220,289
0324.jpg,300,300,bee,25,35,243,295
01164.jpg,300,300,bee,15,14,300,300
0202.jpg,300,300,bee,91,53,165,112
0145.jpg,300,300,bee,87,65,203,202
0977.jpg,300,300,bee,8,15,287,300
01624.jpg,300,300,bee,40,3,298,299
0392.jpg,300,300,bee,39,84,237,243
0536.jpg,300,300,bee,40,4,298,300
01401.jpg,300,300,bee,20,1,290,275
01154.jpg,300,300,bee,144,101,190,160
01564.jpg,300,300,bee,77,50,295,196
0547.jpg,300,300,bee,45,37,287,300
0542.jpg,300,300,bee,22,33,283,300
0856.jpg,300,300,bee,13,7,298,300
0698.jpg,300,300,bee,25,43,297,299
0761.jpg,300,300,bee,134,107,198,182
0576.jpg,300,300,bee,73,48,276,265
0155.jpg,300,300,bee,25,35,243,276
01215.jpg,300,300,bee,5,15,252,278
01215.jpg,300,300,bee,5,248,162,300
0507.jpg,300,300,bee,14,88,148,195
01112.jpg,300,300,bee,13,4,293,296
01123.jpg,300,300,bee,27,21,292,292
01623.jpg,300,300,bee,25,5,300,300
0445.jpg,300,300,bee,17,69,291,282
0003.jpg,300,300,bee,46,93,194,228
0134.jpg,300,300,bee,129,124,211,198
0610.jpg,300,300,bee,10,1,290,300
01107.jpg,300,300,bee,15,61,164,284
0968.jpg,300,300,bee,7,34,295,299
0968.jpg,300,300,bee,8,1,152,40
01029.jpg,300,300,bee,59,50,271,283
0365.jpg,300,300,bee,63,68,148,161
0315.jpg,300,300,bee,7,6,270,300
01499.jpg,300,300,bee,98,76,282,252
0460.jpg,300,300,bee,102,4,286,235
0910.jpg,300,300,bee,52,63,214,187
01187.jpg,300,300,bee,33,146,117,295
01187.jpg,300,300,bee,122,65,179,247
01187.jpg,300,300,bee,182,136,208,210
0863.jpg,300,300,bee,5,2,300,298
0457.jpg,300,300,bee,86,81,241,203
0683.jpg,300,300,bee,3,47,300,300
0695.jpg,300,300,bee,90,49,201,213
0508.jpg,300,300,bee,8,10,292,287
0170.jpg,300,300,bee,61,48,285,161
01633.jpg,300,300,bee,37,13,283,294
0338.jpg,300,300,bee,67,91,140,195
0210.jpg,300,300,bee,110,127,177,190
01658.jpg,300,300,bee,10,1,298,293
